<?xml version="1.0" encoding="UTF-8"?>
<DefaultAssociations>
  <Association Identifier=".3gp2" ProgId="WMP11.AssocFile.3G2" ApplicationName="Windows Media Player" />
  <Association Identifier=".aac" ProgId="AppXqj98qxeaynz6dv4459ayz6bnqxbyaqcs" ApplicationName="Groove Music" />
  <Association Identifier=".acrobatsecuritysettings" ProgId="AcroExch.acrobatsecuritysettings" ApplicationName="Adobe Acrobat Reader DC" />
  <Association Identifier=".adt" ProgId="AppXqj98qxeaynz6dv4459ayz6bnqxbyaqcs" ApplicationName="Groove Music" />
  <Association Identifier=".adts" ProgId="AppXqj98qxeaynz6dv4459ayz6bnqxbyaqcs" ApplicationName="Groove Music" />
  <Association Identifier=".amr" ProgId="AppXqj98qxeaynz6dv4459ayz6bnqxbyaqcs" ApplicationName="Groove Music" />
  <Association Identifier=".api" ProgId="AcroExch.Plugin" />
  <Association Identifier=".arw" ProgId="AppX43hnxtbyyps62jhe9sqpdzxn1790zetc" ApplicationName="Photos" />
  <Association Identifier=".bmp" ProgId="AppX43hnxtbyyps62jhe9sqpdzxn1790zetc" ApplicationName="Photos" />
  <Association Identifier=".cr2" ProgId="AppX43hnxtbyyps62jhe9sqpdzxn1790zetc" ApplicationName="Photos" />
  <Association Identifier=".crw" ProgId="AppX43hnxtbyyps62jhe9sqpdzxn1790zetc" ApplicationName="Photos" />
  <Association Identifier=".dib" ProgId="AppX43hnxtbyyps62jhe9sqpdzxn1790zetc" ApplicationName="Photos" />
  <Association Identifier=".epub" ProgId="AppXvepbp3z66accmsd0x877zbbxjctkpr6t" ApplicationName="Microsoft Edge" />
  <Association Identifier=".erf" ProgId="AppX43hnxtbyyps62jhe9sqpdzxn1790zetc" ApplicationName="Photos" />
  <Association Identifier=".fdf" ProgId="AcroExch.FDFDoc" ApplicationName="Adobe Acrobat Reader DC" />
  <Association Identifier=".flac" ProgId="AppXqj98qxeaynz6dv4459ayz6bnqxbyaqcs" ApplicationName="Groove Music" />
  <Association Identifier=".gif" ProgId="AppX43hnxtbyyps62jhe9sqpdzxn1790zetc" ApplicationName="Photos" />
  <Association Identifier=".htm" ProgId="ChromeHTML" ApplicationName="Google Chrome" />
  <Association Identifier=".html" ProgId="ChromeHTML" ApplicationName="Google Chrome" />
  <Association Identifier=".jfif" ProgId="AppX43hnxtbyyps62jhe9sqpdzxn1790zetc" ApplicationName="Photos" />
  <Association Identifier=".jpe" ProgId="AppX43hnxtbyyps62jhe9sqpdzxn1790zetc" ApplicationName="Photos" />
  <Association Identifier=".jpeg" ProgId="AppX43hnxtbyyps62jhe9sqpdzxn1790zetc" ApplicationName="Photos" />
  <Association Identifier=".jpg" ProgId="AppX43hnxtbyyps62jhe9sqpdzxn1790zetc" ApplicationName="Photos" />
  <Association Identifier=".jxr" ProgId="AppX43hnxtbyyps62jhe9sqpdzxn1790zetc" ApplicationName="Photos" />
  <Association Identifier=".kdc" ProgId="AppX43hnxtbyyps62jhe9sqpdzxn1790zetc" ApplicationName="Photos" />
  <Association Identifier=".log" ProgId="Log.File" ApplicationName="CMTrace_x86.exe" />
  <Association Identifier=".m3u" ProgId="AppXqj98qxeaynz6dv4459ayz6bnqxbyaqcs" ApplicationName="Groove Music" />
  <Association Identifier=".m4a" ProgId="AppXqj98qxeaynz6dv4459ayz6bnqxbyaqcs" ApplicationName="Groove Music" />
  <Association Identifier=".m4r" ProgId="AppXqj98qxeaynz6dv4459ayz6bnqxbyaqcs" ApplicationName="Groove Music" />
  <Association Identifier=".MP2" ProgId="WMP11.AssocFile.MP3" ApplicationName="Windows Media Player" />
  <Association Identifier=".mp3" ProgId="AppXqj98qxeaynz6dv4459ayz6bnqxbyaqcs" ApplicationName="Groove Music" />
  <Association Identifier=".mpa" ProgId="AppXqj98qxeaynz6dv4459ayz6bnqxbyaqcs" ApplicationName="Groove Music" />
  <Association Identifier=".mpeg" ProgId="WMP11.AssocFile.mpeg" ApplicationName="Windows Media Player" />
  <Association Identifier=".mrw" ProgId="AppX43hnxtbyyps62jhe9sqpdzxn1790zetc" ApplicationName="Photos" />
  <Association Identifier=".nef" ProgId="AppX43hnxtbyyps62jhe9sqpdzxn1790zetc" ApplicationName="Photos" />
  <Association Identifier=".nrw" ProgId="AppX43hnxtbyyps62jhe9sqpdzxn1790zetc" ApplicationName="Photos" />
  <Association Identifier=".orf" ProgId="AppX43hnxtbyyps62jhe9sqpdzxn1790zetc" ApplicationName="Photos" />
  <Association Identifier=".pdf" ProgId="AcroExch.Document.DC" ApplicationName="Adobe Acrobat Reader DC" />
  <Association Identifier=".pdfxml" ProgId="AcroExch.pdfxml" ApplicationName="Adobe Acrobat Reader DC" />
  <Association Identifier=".pef" ProgId="AppX43hnxtbyyps62jhe9sqpdzxn1790zetc" ApplicationName="Photos" />
  <Association Identifier=".png" ProgId="AppX43hnxtbyyps62jhe9sqpdzxn1790zetc" ApplicationName="Photos" />
  <Association Identifier=".raf" ProgId="AppX43hnxtbyyps62jhe9sqpdzxn1790zetc" ApplicationName="Photos" />
  <Association Identifier=".raw" ProgId="AppX43hnxtbyyps62jhe9sqpdzxn1790zetc" ApplicationName="Photos" />
  <Association Identifier=".rw2" ProgId="AppX43hnxtbyyps62jhe9sqpdzxn1790zetc" ApplicationName="Photos" />
  <Association Identifier=".rwl" ProgId="AppX43hnxtbyyps62jhe9sqpdzxn1790zetc" ApplicationName="Photos" />
  <Association Identifier=".secstore" ProgId="AcroExch.SecStore" />
  <Association Identifier=".sr2" ProgId="AppX43hnxtbyyps62jhe9sqpdzxn1790zetc" ApplicationName="Photos" />
  <Association Identifier=".srw" ProgId="AppX43hnxtbyyps62jhe9sqpdzxn1790zetc" ApplicationName="Photos" />
  <Association Identifier=".tif" ProgId="PhotoViewer.FileAssoc.Tiff" ApplicationName="Windows Photo Viewer" />
  <Association Identifier=".tiff" ProgId="PhotoViewer.FileAssoc.Tiff" ApplicationName="Windows Photo Viewer" />
  <Association Identifier=".txt" ProgId="txtfile" ApplicationName="Notepad" />
  <Association Identifier=".url" ProgId="IE.AssocFile.URL" ApplicationName="Internet Browser" />
  <Association Identifier=".wav" ProgId="AppXqj98qxeaynz6dv4459ayz6bnqxbyaqcs" ApplicationName="Groove Music" />
  <Association Identifier=".wdp" ProgId="AppX43hnxtbyyps62jhe9sqpdzxn1790zetc" ApplicationName="Photos" />
  <Association Identifier=".website" ProgId="IE.AssocFile.WEBSITE" ApplicationName="Internet Explorer" />
  <Association Identifier=".wma" ProgId="AppXqj98qxeaynz6dv4459ayz6bnqxbyaqcs" ApplicationName="Groove Music" />
  <Association Identifier=".wpl" ProgId="AppXqj98qxeaynz6dv4459ayz6bnqxbyaqcs" ApplicationName="Groove Music" />
  <Association Identifier=".xdp" ProgId="AcroExch.XDPDoc" ApplicationName="Adobe Acrobat Reader DC" />
  <Association Identifier=".xfdf" ProgId="AcroExch.XFDFDoc" ApplicationName="Adobe Acrobat Reader DC" />
  <Association Identifier=".zpl" ProgId="AppXqj98qxeaynz6dv4459ayz6bnqxbyaqcs" ApplicationName="Groove Music" />
  <Association Identifier="bingmaps" ProgId="AppXp9gkwccvk6fa6yyfq3tmsk8ws2nprk1p" ApplicationName="Maps" />
  <Association Identifier="http" ProgId="ChromeHTML" ApplicationName="Google Chrome" />
  <Association Identifier="https" ProgId="ChromeHTML" ApplicationName="Google Chrome" />
  <Association Identifier="mswindowsmusic" ProgId="AppXtggqqtcfspt6ks3fjzyfppwc05yxwtwy" ApplicationName="Groove Music" />
</DefaultAssociations>