﻿<LibraryDocument xmlns:xsi="http://www.w3.org/2001/XMLSchema-instance" xmlns:xsd="http://www.w3.org/2001/XMLSchema">
  <Properties>
    <Property Name="AUTHORING_SCOPE" Value="ScopeId_0A98D7DF-B907-45E1-B397-B0FBE65A819B" />
  </Properties>
  <Contents>
    <Content UniqueId="58a81da3-332b-42fe-b124-b7f927aa566c" Hash="" Description="Windows 10 Cortana" RelativePath="Windows 10 Cortana" FullPath="C:\Users\administrator.EKLIENT\Desktop\Windows10 Customizations_files\Windows 10 Cortana\" SingleFile="false" StorageType="" FullOwnership="true" OriginalPath="\\sccm01\pkgsource$\Deployment\Windows 10 Cortana\" OriginalStorage="" />
    <Content UniqueId="b10e1cfb-f98e-4783-8f0f-e778a72e3570" Hash="" Description="Windows 10 DefaultApps" RelativePath="Windows 10 DefaultApps" FullPath="C:\Users\administrator.EKLIENT\Desktop\Windows10 Customizations_files\Windows 10 DefaultApps\" SingleFile="false" StorageType="" FullOwnership="true" OriginalPath="\\sccm01\pkgsource$\Deployment\Windows 10 DefaultApps\" OriginalStorage="" />
    <Content UniqueId="5688b99f-4624-415d-af8c-296a7e94305e" Hash="" Description="Windows 10 EdgeModifications" RelativePath="Windows 10 EdgeModifications" FullPath="C:\Users\administrator.EKLIENT\Desktop\Windows10 Customizations_files\Windows 10 EdgeModifications\" SingleFile="false" StorageType="" FullOwnership="true" OriginalPath="\\sccm01\pkgsource$\Deployment\Windows 10 EdgeModifications\" OriginalStorage="" />
    <Content UniqueId="6c0a896e-cf40-467a-b2ed-cbcc90c69179" Hash="" Description="Windows 10 IE Shortcut" RelativePath="Windows 10 IE Shortcut" FullPath="C:\Users\administrator.EKLIENT\Desktop\Windows10 Customizations_files\Windows 10 IE Shortcut\" SingleFile="false" StorageType="" FullOwnership="true" OriginalPath="\\sccm01\pkgsource$\Deployment\Windows 10 IE Shortcut\" OriginalStorage="" />
    <Content UniqueId="9b8f0b4e-1816-4795-93d8-b0d3e3683e66" Hash="" Description="Windows 10 OemInfo" RelativePath="Windows 10 OemInfo" FullPath="C:\Users\administrator.EKLIENT\Desktop\Windows10 Customizations_files\Windows 10 OemInfo\" SingleFile="false" StorageType="" FullOwnership="true" OriginalPath="\\sccm01\pkgsource$\Deployment\Windows 10 OemInfo\" OriginalStorage="" />
    <Content UniqueId="b93c44a4-bdb4-45b6-834f-65c2046f7fbc" Hash="" Description="Windows 10 Removeapps" RelativePath="Windows 10 Removeapps" FullPath="C:\Users\administrator.EKLIENT\Desktop\Windows10 Customizations_files\Windows 10 Removeapps\" SingleFile="false" StorageType="" FullOwnership="true" OriginalPath="\\sccm01\pkgsource$\Deployment\Windows 10 Removeapps\" OriginalStorage="" />
    <Content UniqueId="660c882b-98cc-4353-ad58-4ab723da12fd" Hash="" Description="Windows 10 Start Menu" RelativePath="Windows 10 Start Menu" FullPath="C:\Users\administrator.EKLIENT\Desktop\Windows10 Customizations_files\Windows 10 Start Menu\" SingleFile="false" StorageType="" FullOwnership="true" OriginalPath="\\sccm01\pkgsource$\Deployment\Windows 10 Start Menu\" OriginalStorage="" />
    <Content UniqueId="f119a92d-c1e4-4fcd-84e8-993298ac6331" Hash="" Description="Windows 10 Branding" RelativePath="Windows 10 Branding" FullPath="C:\Users\administrator.EKLIENT\Desktop\Windows10 Customizations_files\Windows 10 Branding\" SingleFile="false" StorageType="" FullOwnership="true" OriginalPath="\\sccm01\pkgsource$\Deployment\Windows 10 Branding\" OriginalStorage="" />
  </Contents>
  <EntryObjects>
    <Object Path="SMS_Package.PackageID='EK100126'" Type="SMS_Package" />
    <Object Path="SMS_Package.PackageID='EK100127'" Type="SMS_Package" />
    <Object Path="SMS_Package.PackageID='EK100129'" Type="SMS_Package" />
    <Object Path="SMS_Package.PackageID='EK10012A'" Type="SMS_Package" />
    <Object Path="SMS_Package.PackageID='EK10012B'" Type="SMS_Package" />
    <Object Path="SMS_Package.PackageID='EK10012C'" Type="SMS_Package" />
    <Object Path="SMS_Package.PackageID='EK10012D'" Type="SMS_Package" />
    <Object Path="SMS_Package.PackageID='EK100133'" Type="SMS_Package" />
    <Object Path="SMS_TaskSequencePackage.PackageID='EK100135'" Type="SMS_TaskSequencePackage" />
  </EntryObjects>
</LibraryDocument>